{
  "lgbm": {
    "smoothness_violation_mean": {
      "mean": 29.975010536219727,
      "std": 406.4627391115666,
      "median": 0.7453883865164207,
      "min": 0.0015453881568321148,
      "max": 10706.231234064275,
      "count": 45266
    },
    "smoothness_violation_max": {
      "mean": 151.93980761372768,
      "std": 2299.8197697299206,
      "median": 2.3984064959654,
      "min": 0.0051940109736140164,
      "max": 68140.94722742976,
      "count": 45266
    },
    "smoothness_violation_std": {
      "mean": 40.010803788324615,
      "std": 599.2448824312132,
      "median": 0.6244062170825234,
      "min": 0.0012998510147763692,
      "max": 18426.835405109057,
      "count": 45266
    },
    "max_gradient": {
      "mean": 0.45289359741614105,
      "std": 0.4515858196042777,
      "median": 0.33708808394044176,
      "min": 0.0010161662187318076,
      "max": 6.716955297057212,
      "count": 45266
    },
    "mean_gradient": {
      "mean": 0.1120490540106568,
      "std": 0.09865368428904564,
      "median": 0.07980122650955357,
      "min": 8.836237198528393e-05,
      "max": 0.754747346645791,
      "count": 45266
    },
    "std_gradient": {
      "mean": 0.11471102401901427,
      "std": 0.11111976197410686,
      "median": 0.08704830013145498,
      "min": 0.0002455990554236542,
      "max": 1.3251234937259981,
      "count": 45266
    },
    "gradient_violations_severe": {
      "mean": 0.8813900057438254,
      "std": 1.6591693152605402,
      "median": 0.0,
      "min": 0.0,
      "max": 16.0,
      "count": 45266
    },
    "gradient_violations_moderate": {
      "mean": 2.241240666283745,
      "std": 3.0112737255205873,
      "median": 1.0,
      "min": 0.0,
      "max": 21.0,
      "count": 45266
    },
    "gradient_violation_rate_severe": {
      "mean": 0.03832130459755763,
      "std": 0.07213779631567566,
      "median": 0.0,
      "min": 0.0,
      "max": 0.6956521739130435,
      "count": 45266
    },
    "gradient_violation_rate_moderate": {
      "mean": 0.09744524636016282,
      "std": 0.13092494458785162,
      "median": 0.043478260869565216,
      "min": 0.0,
      "max": 0.9130434782608695,
      "count": 45266
    },
    "negative_count": {
      "mean": 0.002849821057747537,
      "std": 0.06211211507096323,
      "median": 0.0,
      "min": 0.0,
      "max": 3.0,
      "count": 45266
    },
    "negative_energy_total": {
      "mean": 9.254775247457464e-05,
      "std": 0.01014651269637778,
      "median": 0.0,
      "min": 0.0,
      "max": 1.5212853504982182,
      "count": 45266
    },
    "negative_fraction": {
      "mean": 0.00011874254407281402,
      "std": 0.002588004794623468,
      "median": 0.0,
      "min": 0.0,
      "max": 0.125,
      "count": 45266
    },
    "negative_max_magnitude": {
      "mean": 9.01202502946853e-05,
      "std": 0.0101395730153579,
      "median": 0.0,
      "min": 0.0,
      "max": 1.5212853504982182,
      "count": 45266
    }
  },
  "hybrid": {
    "smoothness_violation_mean": {
      "mean": 29.979172042065,
      "std": 406.4524915532711,
      "median": 0.7541256640575342,
      "min": 0.0016265961647319966,
      "max": 10706.14624383651,
      "count": 45266
    },
    "smoothness_violation_max": {
      "mean": 151.948600152248,
      "std": 2299.8269092787605,
      "median": 2.3997521385754546,
      "min": 0.004305446059009937,
      "max": 68141.29335392655,
      "count": 45266
    },
    "smoothness_violation_std": {
      "mean": 40.01005907648518,
      "std": 599.2452717294236,
      "median": 0.6260096857041141,
      "min": 0.0010921106769087043,
      "max": 18426.974287345405,
      "count": 45266
    },
    "max_gradient": {
      "mean": 0.44912510019818486,
      "std": 0.49842236103623583,
      "median": 0.3377043558368238,
      "min": 0.0,
      "max": 18.044455432303913,
      "count": 45266
    },
    "mean_gradient": {
      "mean": 0.11492852625180291,
      "std": 0.12662777884950221,
      "median": 0.08000159541895865,
      "min": 0.0,
      "max": 5.585728832733101,
      "count": 45266
    },
    "std_gradient": {
      "mean": 0.11375134586329415,
      "std": 0.12210856258130094,
      "median": 0.08709227862159923,
      "min": 0.0,
      "max": 5.141231788159489,
      "count": 45266
    },
    "gradient_violations_severe": {
      "mean": 0.9003225378871559,
      "std": 1.8119658977698578,
      "median": 0.0,
      "min": 0.0,
      "max": 23.0,
      "count": 45266
    },
    "gradient_violations_moderate": {
      "mean": 2.303516988468166,
      "std": 3.132414696148134,
      "median": 1.0,
      "min": 0.0,
      "max": 23.0,
      "count": 45266
    },
    "gradient_violation_rate_severe": {
      "mean": 0.039144458169006774,
      "std": 0.07878112598999382,
      "median": 0.0,
      "min": 0.0,
      "max": 1.0,
      "count": 45266
    },
    "gradient_violation_rate_moderate": {
      "mean": 0.10015291254209417,
      "std": 0.13619194331078846,
      "median": 0.043478260869565216,
      "min": 0.0,
      "max": 1.0,
      "count": 45266
    },
    "negative_count": {
      "mean": 0.05202580303097248,
      "std": 0.6883866511968535,
      "median": 0.0,
      "min": 0.0,
      "max": 24.0,
      "count": 45266
    },
    "negative_energy_total": {
      "mean": 0.026248585963765073,
      "std": 0.5133534014513049,
      "median": 0.0,
      "min": 0.0,
      "max": 31.120143792612577,
      "count": 45266
    },
    "negative_fraction": {
      "mean": 0.0021677417929571864,
      "std": 0.02868277713320222,
      "median": 0.0,
      "min": 0.0,
      "max": 1.0,
      "count": 45266
    },
    "negative_max_magnitude": {
      "mean": 0.009085824214702415,
      "std": 0.1616086641012188,
      "median": 0.0,
      "min": 0.0,
      "max": 7.260785754058509,
      "count": 45266
    }
  }
}